iter	RMSE
0	78093.19464
100	29453.06796
200	25700.76172
300	23997.09036
400	22952.47041
500	22004.99696
600	20982.02798
700	20203.93243
800	19349.22963
900	18691.79166
1000	18111.59196
1100	17583.39973
1200	17110.22628
1300	16657.73096
1400	16217.53371
1499	15796.65603
